,Pr_Company,tagline,url
0,IndeedSEO,Guaranteed Results,https://www.indeedseo.com/?utm_source=clutch.co&utm_medium=referral
1,SPRITZ LLC,Interactive Marketing,http://www.SpritzSF.com
2,Vowels Advertising LLP,ENGAGEMENT | BRANDING | ADVERTISING ,http://www.vowels.co.in
3,VDODE ,Brand Identity | Print and Web Design | Interactiv,http://www.vdode.com
4,Stackgeeks,We bring your idea into reality,http://www.stackgeeks.com
5,BR Solutions Pvt. Ltd,Quality Output Committed Delivery,http://www.brsolutions.in
6,Lotus Tech,The Content Lab,http://lotustech.online/
7,APCO Worldwide,Create. Engage. Build. Defend.,http://www.apcoworldwide.com/
8,Triverse Advertising,"Professional Service in Gurgaon, Haryana",http://www.triverseadvertising.com/
9,Pitamaas A Creative Agency,Innovative Packaging Design for Your Products,https://www.pitamaas.com/
10, NGIT Global Solutions Pvt Ltd. ,Employment agency in Delhi ,http://ngitglobal.com/
11,Adverlabs,We Create Brands,http://adverlabs.com
12,The Media Ant,Discover Marketing,http://www.themediaant.com/
13,Hill & Knowlton,We help brands and the public communicate.,http://www.hkstrategies.com/
14,PSB,Custom Research.Human Insights.Actionable Strategy,http://psbresearch.com/
15,Yoyomedia ,yoyomedia,https://yoyomedia.co/
16,Adfactors PR Pvt. Ltd,Mumbai Full-Service Public Relations Consultancy,http://www.adfactorspr.com
17,Orion PR,Leading PR Communications agency in India,http://www.orionpr.in/
18,Pressman PR,We Deliver Value.,https://www.pressmanpr.com/
19,Blue Lotus Communications,Mumbai Public Relations and Communications,http://www.bluelotuspr.com/
